{"mae": 0.4388505816459656, "accuracy": 0.690625011920929}