{"mae": 0.45808547735214233, "accuracy": 0.675000011920929}