{"mae": 0.41175445914268494, "accuracy": 0.6937500238418579}