{"mae": 0.3945547640323639, "accuracy": 0.7109375}