{"mae": 0.45691075921058655, "accuracy": 0.675000011920929}