{"mae": 0.41122207045555115, "accuracy": 0.692187488079071}