{"mae": 0.4353286623954773, "accuracy": 0.6796875}