{"mae": 0.4095643162727356, "accuracy": 0.6859375238418579}